"Sector","Symbol"
"Capital Goods","A"
"Capital Goods","AA"
"Health Care","AAC"
"Technology","AAN"
"Consumer Services","AAP"
"Consumer Services","AAT"
"Energy","AAV"
"Finance","AB"
"Consumer Durables","ABB"
"Health Care","ABBV"
"Health Care","ABC"
"Consumer Non-Durables","ABEV"
"Consumer Durables","ABG"
"Finance","ABM"
"Consumer Services","ABR"
"Consumer Services","ABRN"
,"ABR-PA"
,"ABR-PB"
,"ABR-PC"
"Health Care","ABT"
"Basic Industries","ABX"
"Finance","AC"
"Consumer Services","ACC"
"Consumer Durables","ACCO"
"Basic Industries","ACH"
"Consumer Services","ACM"
"Miscellaneous","ACN"
,"ACP"
"Consumer Services","ACRE"
,"ACV"
"Consumer Services","ADC"
"Consumer Non-Durables","ADM"
"Capital Goods","ADNT"
"Miscellaneous","ADS"
"Public Utilities","ADSW"
,"ADX"
"Finance","AEB"
"Finance","AED"
"Public Utilities","AEE"
"Finance","AEG"
"Finance","AEH"
"Finance","AEK"
"Finance","AEL"
"Basic Industries","AEM"
"Consumer Services","AEO"
"Public Utilities","AEP"
"Technology","AER"
"Basic Industries","AES"
,"AES-PC.CL"
"Health Care","AET"
"Energy","AEUA"
"Finance","AF"
"Finance","AFA"
,"AFB"
,"AFC"
"Finance","AFG"
"Finance","AFGE"
"Finance","AFGH"
"Consumer Non-Durables","AFI"
"Finance","AFL"
,"AF-PC"
"Finance","AFSD"
,"AFSI-PA"
,"AFSI-PB"
,"AFSI-PC"
,"AFSI-PD"
,"AFSI-PE"
,"AFSI-PF"
"Finance","AFSS"
"Finance","AFST"
,"AFT"
,"AFW.CL"
"Basic Industries","AG"
,"AGC"
"Capital Goods","AGCO"
,"AGD"
"Basic Industries","AGI"
"Finance","AGM"
,"AGM.A"
,"AGM-PA"
,"AGM-PB"
,"AGM-PC"
"Health Care","AGN"
,"AGN-PA"
"Finance","AGO"
,"AGO-PB"
,"AGO-PE"
,"AGO-PF"
"Public Utilities","AGR"
"Consumer Non-Durables","AGRO"
"Basic Industries","AGU"
"Basic Industries","AGX"
"Consumer Services","AHC"
"Finance","AHH"
"Finance","AHL"
,"AHL-PB.CL"
,"AHL-PC"
,"AHL-PD"
"Consumer Services","AHP"
,"AHP-PB"
"Consumer Services","AHT"
,"AHT-PA"
,"AHT-PD"
,"AHT-PF"
,"AHT-PG"
"Finance","AI"
,"AIB"
"Finance","AIC"
,"AIF"
"Finance","AIG"
,"AIG.WS"
"Basic Industries","AIN"
,"AI-PB"
"Capital Goods","AIR"
"Consumer Durables","AIT"
"Consumer Services","AIV"
,"AIV-PA"
"Finance","AIW"
,"AIY"
"Finance","AIZ"
"Finance","AJG"
"Capital Goods","AJRD"
"Consumer Services","AJX"
"Consumer Services","AJXA"
,"AKO.A"
,"AKO.B"
,"AKP"
"Consumer Services","AKR"
"Basic Industries","AKS"
"Technology","AL"
"Basic Industries","ALB"
"Energy","ALDW"
"Public Utilities","ALE"
"Finance","ALEX"
"Capital Goods","ALG"
"Energy","ALJ"
"Transportation","ALK"
"Finance","ALL"
"Consumer Services","ALLE"
,"ALL-PA"
,"ALL-PB"
,"ALL-PC"
,"ALL-PD"
,"ALL-PE"
,"ALL-PF"
"Finance","ALLY"
,"ALLY-PA"
"Public Utilities","ALP-PO"
"Health Care","ALR"
,"ALR-PB"
"Capital Goods","ALSN"
"Capital Goods","ALV"
"Consumer Services","ALX"
"Public Utilities","AM"
"Technology","AMBR"
"Consumer Services","AMC"
"Consumer Durables","AME"
"Consumer Services","AMFW"
"Finance","AMG"
"Public Utilities","AMGP"
"Consumer Services","AMH"
"Consumer Services","AMH-PA"
,"AMH-PB"
,"AMH-PC"
,"AMH-PD"
,"AMH-PE"
,"AMH-PF"
"Public Utilities","AMID"
"Technology","AMN"
"Public Utilities","AMOV"
"Finance","AMP"
"Basic Industries","AMRC"
"Consumer Services","AMT"
,"AMT-PB"
"Public Utilities","AMX"
"Consumer Durables","AN"
"Technology","ANET"
"Consumer Services","ANF"
"Consumer Non-Durables","ANFI"
"Consumer Services","ANH"
,"ANH-PA"
,"ANH-PB"
,"ANH-PC"
"Health Care","ANTM"
"Health Care","ANTX"
"Energy","ANW"
,"AOD"
"Consumer Services","AOI"
"Finance","AON"
"Consumer Durables","AOS"
"Capital Goods","AP"
"Energy","APA"
"Finance","APAM"
,"APB"
"Energy","APC"
"Basic Industries","APD"
,"APF"
"Capital Goods","APH"
"Consumer Services","APLE"
"Finance","APO"
,"APO-PA"
"Consumer Services","APTS"
"Consumer Services","APU"
"Public Utilities","AQN"
"Energy","AR"
"Health Care","ARA"
"Consumer Services","ARC"
"Energy","ARCH"
"Consumer Services","ARCO"
"Energy","ARCX"
"Consumer Durables","ARD"
,"ARDC"
"Consumer Services","ARE"
,"ARE-PD"
"Finance","ARES"
,"ARES-PA"
,"ARH-PC"
"Consumer Services","ARI"
,"ARI-PA"
,"ARI-PC"
"Finance","ARL"
"Consumer Services","ARMK"
"Capital Goods","ARNC"
,"ARNC-PB"
"Public Utilities","AROC"
"Consumer Services","ARR"
,"ARR-PA"
,"ARR-PB"
,"ARU.CL"
"Consumer Non-Durables","ARW"
,"ASA"
"Finance","ASB"
,"ASB-PC"
,"ASB-PD"
"Transportation","ASC"
,"ASG"
"Technology","ASGN"
"Consumer Durables","ASH"
"Basic Industries","ASIX"
"Consumer Services","ASPN"
"Transportation","ASR"
"Technology","ASX"
"Energy","AT"
"Technology","ATEN"
"Consumer Services","ATGE"
"Finance","ATH"
"Technology","ATHM"
"Basic Industries","ATI"
"Miscellaneous","ATKR"
"Public Utilities","ATO"
"Consumer Non-Durables","ATR"
"Public Utilities","ATTO"
"Technology","ATU"
"Consumer Services","ATV"
"Energy","ATW"
"Basic Industries","AU"
"Technology","AUO"
"Basic Industries","AUY"
"Public Utilities","AVA"
"Finance","AVAL"
"Consumer Services","AVB"
"Basic Industries","AVD"
"Transportation","AVH"
,"AVK"
"Consumer Non-Durables","AVP"
"Consumer Non-Durables","AVT"
"Capital Goods","AVX"
"Consumer Durables","AVY"
,"AWF"
"Finance","AWH"
"Consumer Non-Durables","AWI"
"Public Utilities","AWK"
,"AWP"
"Public Utilities","AWR"
"Consumer Non-Durables","AXE"
"Capital Goods","AXL"
"Health Care","AXON"
"Finance","AXP"
"Consumer Services","AXR"
"Finance","AXS"
,"AXS-PD"
,"AXS-PE"
"Basic Industries","AXTA"
"Consumer Durables","AYI"
"Technology","AYR"
"Technology","AYX"
"Health Care","AZN"
"Consumer Services","AZO"
"Public Utilities","AZRE"
"Transportation","AZUL"
"Consumer Durables","AZZ"
"Capital Goods","B"
"Capital Goods","BA"
"Miscellaneous","BABA"
"Finance","BAC"
,"BAC-PA"
,"BAC-PC"
,"BAC-PD"
,"BAC-PE"
,"BAC-PI"
,"BAC-PL"
"Finance","BAC-PW"
"Finance","BAC-PY"
,"BAC.WS.A"
,"BAC.WS.B"
,"BAF"
"Consumer Services","BAH"
"Basic Industries","BAK"
"Consumer Services","BAM"
"Finance","BANC"
,"BANC-PC"
,"BANC-PD"
,"BANC-PE"
"Finance","BAP"
"Energy","BAS"
"Health Care","BAX"
"Finance","BBD"
"Finance","BBDO"
,"BBF"
"Energy","BBG"
,"BBK"
"Energy","BBL"
,"BBN"
"Finance","BBT"
,"BBT-PD"
,"BBT-PE"
,"BBT-PF"
,"BBT-PG"
,"BBT-PH"
"Basic Industries","BBU"
"Finance","BBVA"
"Consumer Services","BBW"
"Consumer Services","BBY"
"Energy","BC"
"Consumer Services","BCC"
"Public Utilities","BCE"
"Energy","BCEI"
"Finance","BCH"
"Transportation","BCO"
"Health Care","BCR"
"Finance","BCRH"
"Finance","BCS"
,"BCS-PD"
,"BCX"
"Basic Industries","BDC"
,"BDC-PB"
,"BDJ"
"Consumer Services","BDN"
"Health Care","BDX"
"Health Care","BDXA"
"Consumer Services","BEDU"
"Consumer Services","BEL"
"Finance","BEN"
"Public Utilities","BEP"
"Consumer Non-Durables","BERY"
"Consumer Non-Durables","BETR"
,"BF.A"
"Miscellaneous","BFAM"
,"BF.B"
,"BFK"
,"BFO"
"Finance","BFR"
"Consumer Services","BFS"
,"BFS-PC"
,"BFZ"
"Consumer Non-Durables","BG"
,"BGB"
"Basic Industries","BGC"
"Finance","BGCA"
,"BGE-PB"
"Energy","BGG"
,"BGH"
,"BGIO"
,"BGR"
"Consumer Non-Durables","BGS"
,"BGT"
,"BGX"
,"BGY"
"Consumer Services","BH"
"Technology","BHE"
"Energy","BHI"
,"BHK"
,"BHL"
"Finance","BHLB"
"Basic Industries","BHP"
"Health Care","BHVN"
"Miscellaneous","BID"
,"BIF"
"Consumer Services","BIG"
"Capital Goods","BIO"
"Basic Industries","BIOA"
,"BIO.B"
"Consumer Services","BIP"
,"BIT"
"Technology","BITA"
,"BJZ"
"Finance","BK"
"Health Care","BKD"
"Consumer Services","BKE"
"Technology","BKFS"
"Public Utilities","BKH"
"Public Utilities","BKHU"
,"BKK"
,"BKN"
,"BK-PC"
"Consumer Services","BKS"
,"BKT"
"Finance","BKU"
"Basic Industries","BLD"
,"BLH"
"Finance","BLK"
"Consumer Durables","BLL"
"Finance","BLW"
"Finance","BLX"
"Finance","BMA"
,"BME"
"Capital Goods","BMI"
,"BML-PG"
,"BML-PH"
,"BML-PI"
,"BML-PJ"
,"BML-PL"
"Finance","BMO"
"Consumer Durables","BMS"
"Health Care","BMY"
"Consumer Services","BNED"
,"BNJ"
"Finance","BNS"
,"BNY"
,"BOE"
"Finance","BOH"
"Consumer Services","BOOT"
"Consumer Non-Durables","BORN"
"Technology","BOX"
"Consumer Services","BOXC"
"Energy","BP"
"Consumer Services","BPI"
,"BPK"
"Energy","BPL"
"Energy","BPT"
"Finance","BPY"
,"BQH"
"Miscellaneous","BR"
"Consumer Durables","BRC"
"Consumer Non-Durables","BRFS"
,"BRK.A"
,"BRK.B"
"Finance","BRO"
"Transportation","BRS"
"Capital Goods","BRSS"
"Consumer Services","BRT"
"Consumer Services","BRX"
"Finance","BSAC"
"Finance","BSBR"
,"BSD"
,"BSE"
,"BSL"
"Energy","BSM"
"Finance","BSMX"
,"BST"
"Health Care","BSX"
"Public Utilities","BT"
,"BTA"
"Energy","BTE"
,"BTO"
,"BTT"
"Energy","BTU"
,"BTZ"
"Consumer Non-Durables","BUD"
,"BUI"
"Consumer Services","BURL"
"Basic Industries","BVN"
"Capital Goods","BW"
"Capital Goods","BWA"
,"BWG"
"Public Utilities","BWP"
"Energy","BWXT"
"Finance","BX"
"Capital Goods","BXC"
"Energy","BXE"
"Consumer Services","BXMT"
,"BXMX"
"Consumer Services","BXP"
,"BXP-PB"
"Finance","BXS"
"Consumer Services","BYD"
,"BYM"
"Capital Goods","BZH"
"Finance","C"
"Capital Goods","CAA"
"Consumer Services","CAB"
"Consumer Services","CABO"
"Technology","CACI"
"Finance","CADE"
"Miscellaneous","CAE"
,"CAF"
"Consumer Non-Durables","CAG"
"Health Care","CAH"
"Technology","CAI"
"Miscellaneous","CAJ"
"Consumer Non-Durables","CAL"
"Consumer Services","CALX"
"Energy","CAPL"
"Technology","CARS"
"Capital Goods","CAT"
"Consumer Services","CATO"
"Finance","CB"
,"CBA"
"Public Utilities","CBB"
,"CBB-PB"
"Consumer Services","CBD"
"Finance","CBG"
"Basic Industries","CBI"
"Consumer Services","CBK"
"Consumer Services","CBL"
,"CBL-PD"
,"CBL-PE"
"Health Care","CBM"
,"CBO"
"Capital Goods","CBPX"
"Consumer Services","CBS"
,"CBS.A"
"Basic Industries","CBT"
"Finance","CBU"
,"CBX"
"Miscellaneous","CBZ"
"Basic Industries","CC"
"Basic Industries","CCC"
"Consumer Non-Durables","CCE"
"Consumer Services","CCI"
"Basic Industries","CCJ"
"Consumer Durables","CCK"
"Consumer Services","CCL"
"Health Care","CCM"
"Consumer Services","CCO"
"Consumer Services","CCP"
"Capital Goods","CCS"
"Consumer Non-Durables","CCU"
"Consumer Services","CCV"
"Consumer Services","CCZ"
"Basic Industries","CDE"
"Technology","CDI"
"Consumer Services","CDR"
,"CDR-PB"
"Basic Industries","CE"
"Transportation","CEA"
,"CEE"
"Public Utilities","CEL"
"Energy","CELP"
,"CEM"
,"CEN"
"Energy","CEO"
"Consumer Services","CEQP"
"Basic Industries","CF"
,"CFC-PB"
"Finance","CFG"
"Basic Industries","CFI"
"Finance","CFR"
,"CFR-PA"
"Capital Goods","CFX"
"Basic Industries","CGA"
"Energy","CGG"
"Transportation","CGI"
"Public Utilities","CHA"
"Consumer Services","CHCT"
"Basic Industries","CHD"
"Health Care","CHE"
"Consumer Services","CHGG"
"Consumer Services","CHH"
"Energy","CHK"
,"CHK-PD"
"Energy","CHKR"
"Public Utilities","CHL"
"Consumer Services","CHMI"
,"CHN"
"Consumer Services","CHS"
"Consumer Services","CHSP"
,"CHSP-PA.CL"
"Public Utilities","CHT"
"Public Utilities","CHU"
"Health Care","CI"
"Finance","CIA"
"Finance","CIB"
"Energy","CIE"
"Public Utilities","CIEN"
,"CIF"
"Public Utilities","CIG"
,"CIG.C"
,"CII"
"Consumer Services","CIM"
,"CIM-PA"
,"CIM-PB"
"Basic Industries","CINR"
"Consumer Services","CIO"
,"CIO-PA"
"Capital Goods","CIR"
"Finance","CIT"
"Health Care","CIVI"
"Energy","CJ"
"Transportation","CKH"
"Consumer Non-Durables","CL"
,"CLA.CL"
"Energy","CLB"
"Energy","CLD"
"Technology","CLDR"
"Consumer Services","CLDT"
"Basic Industries","CLF"
"Technology","CLGX"
"Basic Industries","CLH"
"Consumer Services","CLI"
"Consumer Services","CLNS"
,"CLNS-PA.CL"
,"CLNS-PB"
,"CLNS-PC"
,"CLNS-PD"
,"CLNS-PE"
,"CLNS-PF.CL"
,"CLNS-PG"
,"CLNS-PH"
,"CLNS-PI"
"Consumer Services","CLPR"
"Energy","CLR"
"Technology","CLS"
"Basic Industries","CLW"
"Consumer Durables","CLX"
"Finance","CM"
"Finance","CMA"
,"CMA.WS"
"Basic Industries","CMC"
"Technology","CMCM"
"Health Care","CMD"
"Consumer Services","CMG"
"Energy","CMI"
"Consumer Services","CMO"
,"CMO-PE"
"Basic Industries","CMP"
"Transportation","CMRE"
,"CMRE-PB"
,"CMRE-PC"
,"CMRE-PD"
"Public Utilities","CMS"
"Public Utilities","CMS-PB"
,"CMU"
"Finance","CNA"
"Health Care","CNC"
"Consumer Services","CNCO"
"Miscellaneous","CNDT"
"Capital Goods","CNHI"
"Transportation","CNI"
"Consumer Services","CNK"
"Public Utilities","CNNX"
"Finance","CNO"
"Public Utilities","CNP"
"Energy","CNQ"
"Finance","CNS"
"Energy","CNX"
"Energy","CNXC"
"Finance","CO"
"Consumer Durables","CODI"
"Consumer Services","COE"
"Finance","COF"
"Finance","COF-PC"
,"COF-PD"
,"COF-PF"
,"COF-PG"
,"COF-PH"
,"COF-PP"
,"COF.WS"
"Energy","COG"
"Consumer Non-Durables","COH"
"Capital Goods","COL"
"Health Care","COO"
"Energy","COP"
"Consumer Services","COR"
,"COR-PA"
"Consumer Services","CORR"
,"CORR-PA"
"Consumer Non-Durables","COT"
"Miscellaneous","COTV"
"Consumer Non-Durables","COTY"
"Transportation","CP"
"Transportation","CPA"
"Capital Goods","CPAC"
"Consumer Non-Durables","CPB"
,"C-PC"
"Energy","CPE"
"Energy","CPE-PA"
"Finance","CPF"
"Energy","CPG"
,"C-PJ"
"Public Utilities","CPK"
"Finance","C-PK"
"Public Utilities","CPL"
,"C-PL"
"Public Utilities","CPN"
"Finance","C-PN"
,"C-PP"
"Capital Goods","CPS"
,"C-PS"
"Consumer Services","CPT"
"Capital Goods","CR"
"Energy","CRC"
"Consumer Services","CRCM"
,"CRD.A"
,"CRD.B"
"Capital Goods","CRH"
"Consumer Non-Durables","CRI"
"Energy","CRK"
"Health Care","CRL"
"Technology","CRM"
"Capital Goods","CRR"
"Basic Industries","CRS"
"Energy","CRT"
"Health Care","CRY"
"Finance","CS"
"Basic Industries","CSL"
"Technology","CSLT"
"Technology","CSRA"
"Consumer Services","CSS"
"Consumer Durables","CST"
"Basic Industries","CSTM"
"Health Care","CSU"
"Consumer Services","CSV"
"Public Utilities","CTAA"
"Consumer Durables","CTB"
"Public Utilities","CTBB"
"Public Utilities","CTDD"
"Public Utilities","CTL"
"Health Care","CTLT"
,"CTR"
"Technology","CTS"
"Consumer Services","CTT"
"Public Utilities","CTU"
"Public Utilities","CTV"
"Public Utilities","CTW"
"Public Utilities","CTX"
"Public Utilities","CTY"
"Public Utilities","CTZ"
"Capital Goods","CUB"
"Consumer Services","CUBE"
"Finance","CUBI"
,"CUBI-PC"
,"CUBI-PD"
,"CUBI-PE"
,"CUBI-PF"
"Finance","CUBS"
"Technology","CUDA"
"Consumer Services","CUK"
"Consumer Services","CUZ"
"Basic Industries","CVA"
"Energy","CVE"
"Consumer Services","CVEO"
"Technology","CVG"
"Energy","CVI"
"Consumer Durables","CVNA"
"Consumer Durables","CVO"
"Energy","CVRR"
"Health Care","CVS"
"Energy","CVX"
"Technology","CW"
"Consumer Durables","CWH"
,"C.WS.A"
"Public Utilities","CWT"
"Capital Goods","CX"
,"CXE"
,"CXH"
"Energy","CXO"
"Consumer Services","CXP"
"Consumer Services","CXW"
"Energy","CYD"
"Health Care","CYH"
"Consumer Services","CYS"
,"CYS-PA"
,"CYS-PB"
"Consumer Non-Durables","CZZ"
"Public Utilities","D"
"Transportation","DAC"
"Transportation","DAL"
"Capital Goods","DAN"
"Consumer Non-Durables","DAR"
"Technology","DATA"
"Finance","DB"
"Miscellaneous","DBD"
,"DBL"
"Capital Goods","DCI"
"Technology","DCM"
"Capital Goods","DCO"
"Public Utilities","DCP"
"Consumer Services","DCT"
"Public Utilities","DCUC"
"Public Utilities","DCUD"
"Basic Industries","DD"
"Basic Industries","DDC"
"Technology","DDD"
"Consumer Services","DDE"
,"DDF"
"Basic Industries","DD-PA"
"Basic Industries","DD-PB"
"Consumer Services","DDR"
,"DDR-PA"
,"DDR-PJ"
,"DDR-PK"
"Consumer Services","DDS"
"Consumer Services","DDT"
"Capital Goods","DE"
"Consumer Services","DEA"
"Consumer Non-Durables","DECK"
"Consumer Services","DEI"
"Basic Industries","DEL"
"Consumer Non-Durables","DEO"
,"DEX"
"Consumer Non-Durables","DF"
"Consumer Services","DFIN"
,"DFP"
"Finance","DFS"
,"DFS-PB"
"Finance","DFT"
,"DFT-PC"
"Consumer Services","DG"
"Consumer Services","DGI"
"Health Care","DGX"
,"DHF"
,"DHG"
"Capital Goods","DHI"
"Capital Goods","DHR"
"Transportation","DHT"
"Miscellaneous","DHX"
,"DIAX"
"Consumer Services","DIN"
"Consumer Services","DIS"
"Energy","DK"
"Energy","DKL"
"Consumer Services","DKS"
"Finance","DKT"
"Consumer Services","DL"
"Miscellaneous","DLB"
"Consumer Services","DLNG"
,"DLNG-PA"
"Capital Goods","DLPH"
"Consumer Services","DLR"
,"DLR-PG"
,"DLR-PH"
,"DLR-PI"
"Consumer Durables","DLX"
"Public Utilities","DM"
,"DMB"
,"DMO"
"Finance","DNB"
,"DNI"
"Energy","DNOW"
,"DNP"
"Energy","DNR"
"Energy","DO"
"Consumer Services","DOC"
"Basic Industries","DOOR"
"Technology","DOV"
"Basic Industries","DOW"
,"DPG"
"Health Care","DPLO"
"Consumer Non-Durables","DPS"
"Consumer Non-Durables","DPZ"
"Technology","DQ"
,"DRA"
"Basic Industries","DRD"
"Consumer Services","DRE"
"Consumer Services","DRH"
"Consumer Services","DRI"
"Energy","DRQ"
"Public Utilities","DRUA"
"Consumer Services","DS"
,"DSE"
,"DSL"
,"DSM"
,"DS-PB"
,"DS-PC"
,"DS-PD"
"Technology","DST"
,"DSU"
"Consumer Services","DSW"
"Transportation","DSX"
"Transportation","DSXN"
,"DSX-PB"
"Public Utilities","DTE"
,"DTF"
"Public Utilities","DTJ"
"Finance","DTK"
,"DTLA-P"
"Public Utilities","DTQ"
"Public Utilities","DTV"
"Public Utilities","DTY"
,"DUC"
"Public Utilities","DUK"
"Public Utilities","DUKH"
"Health Care","DVA"
"Consumer Services","DVD"
"Technology","DVMT"
"Energy","DVN"
"Consumer Services","DX"
"Finance","DXB"
"Technology","DXC"
,"DX-PA"
,"DX-PB"
"Basic Industries","DY"
"Public Utilities","DYN"
"Public Utilities","DYNC"
,"DYN-PA"
,"DYN.WS"
,"DYN.WS.A"
"Energy","E"
"Public Utilities","EAB"
"Public Utilities","EAE"
"Public Utilities","EAI"
"Consumer Services","EARN"
"Consumer Services","EAT"
"Consumer Services","EBF"
"Public Utilities","EBR"
,"EBR.B"
"Health Care","EBS"
"Energy","EC"
"Energy","ECA"
,"ECC"
,"ECCA"
,"ECCB"
,"ECCZ"
"Basic Industries","ECL"
"Technology","ECOM"
"Energy","ECR"
"Energy","ECT"
"Public Utilities","ED"
,"EDD"
,"EDF"
,"EDI"
"Public Utilities","EDN"
"Consumer Services","EDR"
"Consumer Services","EDU"
"Public Utilities","EE"
,"EEA"
"Energy","EEP"
"Energy","EEQ"
"Miscellaneous","EEX"
"Finance","EFC"
,"EFF"
,"EFR"
,"EFT"
"Finance","EFX"
,"EGF"
,"EGIF"
"Consumer Services","EGL"
"Energy","EGN"
"Basic Industries","EGO"
"Consumer Services","EGP"
"Energy","EGY"
,"EHI"
"Consumer Services","EHIC"
,"EHT"
"Finance","EIG"
"Public Utilities","EIX"
"Consumer Non-Durables","EL"
"Public Utilities","ELC"
"Consumer Non-Durables","ELF"
"Public Utilities","ELJ"
"Technology","ELLI"
"Public Utilities","ELP"
"Consumer Services","ELS"
,"ELS-PC"
"Public Utilities","ELU"
"Finance","ELVT"
"Consumer Non-Durables","ELY"
,"EMD"
"Capital Goods","EME"
"Basic Industries","EMES"
,"EMF"
"Basic Industries","EMN"
,"EMO"
"Public Utilities","EMP"
"Energy","EMR"
"Energy","ENB"
"Public Utilities","ENBL"
,"ENH-PC"
"Public Utilities","ENIA"
"Public Utilities","ENIC"
"Public Utilities","ENJ"
"Public Utilities","ENLC"
"Public Utilities","ENLK"
"Public Utilities","ENO"
"Miscellaneous","ENR"
"Consumer Non-Durables","ENS"
"Miscellaneous","ENV"
"Finance","ENVA"
"Health Care","ENZ"
"Public Utilities","EOCC"
,"EOD"
"Energy","EOG"
,"EOI"
,"EOS"
,"EOT"
"Technology","EPAM"
"Consumer Non-Durables","EPC"
"Public Utilities","EPD"
"Energy","EPE"
"Public Utilities","EP-PC"
"Consumer Services","EPR"
,"EPR-PC"
,"EPR-PE"
,"EPR-PF"
"Consumer Services","EQC"
"Consumer Services","EQCO"
,"EQC-PD"
"Public Utilities","EQGP"
"Public Utilities","EQM"
"Consumer Services","EQR"
,"EQS"
"Energy","EQT"
"Transportation","ERA"
"Energy","ERF"
"Capital Goods","ERJ"
"Consumer Services","EROS"
"Public Utilities","ES"
"Consumer Durables","ESE"
"Capital Goods","ESL"
"Finance","ESNT"
"Consumer Services","ESRT"
"Consumer Services","ESS"
"Energy","ESTE"
"Energy","ESV"
,"ETB"
"Public Utilities","ETE"
,"ETG"
"Consumer Durables","ETH"
,"ETJ"
"Consumer Services","ETM"
"Technology","ETN"
,"ETO"
"Energy","ETP"
"Public Utilities","ETR"
,"ETV"
,"ETW"
,"ETX"
,"ETY"
"Transportation","EURN"
"Finance","EV"
"Basic Industries","EVA"
"Consumer Services","EVC"
,"EVF"
,"EVG"
"Consumer Services","EVH"
"Health Care","EVHC"
,"EVHC-P"
,"EVN"
"Finance","EVR"
"Finance","EVRI"
,"EVT"
"Technology","EVTC"
"Health Care","EW"
"Public Utilities","EXC"
,"EXD"
,"EXG"
"Basic Industries","EXK"
"Capital Goods","EXP"
"Consumer Services","EXPR"
"Consumer Services","EXR"
"Technology","EXTN"
"Public Utilities","EZT"
"Capital Goods","F"
"Finance","FAC"
"Finance","FAF"
,"FAM"
"Finance","FBC"
"Basic Industries","FBHS"
"Finance","FBK"
"Consumer Services","FBM"
"Finance","FBP"
"Basic Industries","FBR"
"Consumer Services","FC"
"Capital Goods","FCAU"
"Finance","FCB"
,"FCE.A"
"Finance","FCF"
"Consumer Services","FCFS"
"Consumer Services","FCH"
"Consumer Services","FCH-PA"
"Consumer Services","FCN"
"Consumer Services","FCPT"
,"FCT"
"Basic Industries","FCX"
"Miscellaneous","FDC"
,"FDEU"
"Consumer Non-Durables","FDP"
"Technology","FDS"
"Transportation","FDX"
"Public Utilities","FE"
,"FEI"
"Energy","FELP"
"Consumer Services","FENG"
,"FEO"
"Energy","FET"
"Basic Industries","FF"
,"FFA"
,"FFC"
"Finance","FFG"
,"FGB"
"Finance","FGL"
"Consumer Services","FGP"
"Finance","FHN"
,"FHN-PA"
,"FHY"
"Energy","FI"
"Miscellaneous","FICO"
,"FIF"
"Finance","FIG"
"Finance","FII"
"Miscellaneous","FIS"
"Technology","FIT"
,"FIV"
"Capital Goods","FIX"
"Consumer Services","FL"
,"FLC"
"Consumer Non-Durables","FLO"
"Technology","FLOW"
"Basic Industries","FLR"
"Capital Goods","FLS"
"Miscellaneous","FLT"
,"FLY"
"Basic Industries","FMC"
,"FMN"
,"FMO"
"Health Care","FMS"
"Basic Industries","FMSA"
"Consumer Non-Durables","FMX"
,"FMY"
"Public Utilities","FN"
"Finance","FNB"
,"FNB-PE"
"Consumer Services","FND"
"Finance","FNF"
"Finance","FNFV"
"Basic Industries","FNV"
"Basic Industries","FOE"
,"FOF"
"Finance","FOR"
,"FPF"
"Finance","FPH"
"Consumer Services","FPI"
,"FPL"
"Consumer Services","FPO"
,"FPT"
"Consumer Services","FR"
,"FRA"
"Energy","FRAC"
,"FRC"
,"FRC-PC"
,"FRC-PD"
,"FRC-PE"
,"FRC-PF"
,"FRC-PG"
,"FRC-PH"
"Transportation","FRO"
"Consumer Services","FRT"
"Finance","FSB"
,"FSCE"
,"FSD"
,"FSIC"
"Basic Industries","FSM"
"Capital Goods","FSS"
,"FT"
,"FTAI"
"Energy","FTI"
"Basic Industries","FTK"
"Public Utilities","FTS"
"Capital Goods","FTV"
"Basic Industries","FUL"
"Consumer Services","FUN"
"Consumer Services","G"
,"GAB"
,"GAB-PD"
,"GAB-PG"
,"GAB-PH"
,"GAB-PJ"
,"GAM"
,"GAM-PB"
"Consumer Services","GATX"
,"GBAB"
"Finance","GBL"
"Capital Goods","GBX"
"Finance","GCAP"
,"GCH"
"Consumer Services","GCI"
"Consumer Services","GCO"
"Basic Industries","GCP"
,"GCV"
,"GCV-PB"
"Capital Goods","GD"
"Technology","GDDY"
"Technology","GDI"
,"GDL"
,"GDL-PB"
,"GDO"
"Finance","GDOT"
,"GDV"
,"GDV-PA"
,"GDV-PD"
,"GDV-PG"
"Energy","GE"
"Energy","GEB"
,"GEF"
,"GEF.B"
"Energy","GEH"
"Energy","GEK"
"Energy","GEL"
"Health Care","GEN"
"Consumer Services","GEO"
,"GER"
"Consumer Non-Durables","GES"
,"GF"
"Basic Industries","GFA"
"Capital Goods","GFF"
"Basic Industries","GFI"
,"GFY"
"Basic Industries","GG"
"Capital Goods","GGB"
"Capital Goods","GGG"
,"GGM"
"Consumer Services","GGP"
"Consumer Services","GGP-PA"
,"GGT"
,"GGT-PB"
,"GGZ"
,"GGZ-PA"
"Consumer Services","GHC"
"Finance","GHL"
"Technology","GHM"
,"GHY"
"Consumer Services","GIB"
"Consumer Non-Durables","GIL"
,"GIM"
"Technology","GIMO"
"Consumer Non-Durables","GIS"
"Finance","GJH"
"Finance","GJO"
,"GJP"
,"GJR"
"Finance","GJS"
"Finance","GJT"
"Finance","GJV"
"Health Care","GKOS"
"Technology","GLA"
"Technology","GLOB"
"Consumer Services","GLOG"
,"GLOG-PA"
"Consumer Services","GLOP"
,"GLOP-PA"
"Energy","GLP"
"Basic Industries","GLT"
"Basic Industries","GLW"
"Capital Goods","GM"
"Consumer Services","GME"
"Health Care","GMED"
"Consumer Services","GMRE"
"Consumer Services","GMS"
"Consumer Services","GMTA"
,"GM.WS.B"
,"GMZ"
"Consumer Non-Durables","GNC"
"Public Utilities","GNE"
,"GNE-PA"
"Transportation","GNK"
"Consumer Services","GNL"
"Consumer Durables","GNRC"
"Transportation","GNRT"
,"GNT"
"Finance","GNW"
,"GOF"
"Transportation","GOL"
"Consumer Non-Durables","GOLF"
"Consumer Non-Durables","GOOS"
"Capital Goods","GPC"
"Public Utilities","GPE-PA"
"Consumer Durables","GPI"
"Consumer Durables","GPK"
,"GPM"
"Miscellaneous","GPN"
"Energy","GPRK"
"Consumer Services","GPS"
"Consumer Services","GPT"
,"GPT-PA"
"Consumer Services","GPX"
"Basic Industries","GRA"
"Basic Industries","GRAM"
"Capital Goods","GRC"
,"GRP.U"
,"GRR"
"Miscellaneous","GRUB"
,"GRX"
,"GRX-PA"
,"GRX-PB"
"Finance","GS"
,"GSBD"
"Transportation","GSH"
"Health Care","GSK"
"Transportation","GSL"
,"GSL-PB"
,"GS-PA"
,"GS-PB"
,"GS-PC"
,"GS-PD"
,"GS-PI"
,"GS-PJ"
,"GS-PK"
,"GS-PN"
"Consumer Services","GTN"
,"GTN.A"
"Finance","GTS"
"Public Utilities","GTT"
"Finance","GTY"
,"GUT"
,"GUT-PA"
,"GUT-PC"
"Basic Industries","GVA"
"Finance","GWB"
"Transportation","GWR"
"Technology","GWRE"
"Consumer Services","GWW"
"Public Utilities","GXP"
,"GXP-PB"
"Finance","GYB"
"Finance","GYC"
"Finance","GZT"
"Consumer Services","H"
"Health Care","HAE"
"Energy","HAL"
"Consumer Services","HASI"
"Consumer Services","HBI"
"Basic Industries","HBM"
,"HBM.WS"
"Health Care","HCA"
"Energy","HCC"
"Capital Goods","HCHC"
"Finance","HCI"
"Basic Industries","HCLP"
"Consumer Services","HCN"
,"HCN-PI"
"Consumer Services","HCP"
"Consumer Services","HD"
"Finance","HDB"
"Public Utilities","HE"
"Capital Goods","HEI"
,"HEI.A"
"Energy","HEP"
,"HE-PU"
,"HEQ"
"Energy","HES"
"Energy","HESM"
,"HES-PA"
"Consumer Services","HF"
"Energy","HFC"
"Finance","HGH"
"Energy","HGT"
"Consumer Services","HGV"
"Consumer Services","HHC"
"Technology","HHS"
"Consumer Durables","HI"
,"HIE"
"Consumer Services","HIFR"
"Finance","HIG"
,"HIG.WS"
"Capital Goods","HII"
"Consumer Services","HIL"
,"HIO"
"Technology","HIVE"
"Consumer Services","HIW"
,"HIX"
"Finance","HJV"
"Energy","HK"
,"HK.WS"
"Basic Industries","HL"
"Health Care","HLF"
"Finance","HLI"
"Basic Industries","HL-PB"
"Health Care","HLS"
"Consumer Services","HLT"
"Energy","HLX"
"Capital Goods","HMC"
"Consumer Services","HMLP"
"Finance","HMN"
"Basic Industries","HMY"
"Consumer Durables","HNI"
"Public Utilities","HNP"
"Consumer Non-Durables","HOG"
"Consumer Services","HOME"
"Capital Goods","HON"
"Consumer Services","HOS"
"Capital Goods","HOV"
"Energy","HP"
"Technology","HPE"
,"HPF"
,"HPI"
"Finance","HPP"
"Technology","HPQ"
,"HPS"
,"HQH"
,"HQL"
"Consumer Services","HR"
"Consumer Services","HRB"
"Health Care","HRC"
"Miscellaneous","HRG"
,"HRI"
"Consumer Non-Durables","HRL"
"Capital Goods","HRS"
"Finance","HRTG"
"Finance","HSBC"
,"HSBC-PA"
"Capital Goods","HSC"
"Finance","HSEA"
"Finance","HSEB"
"Consumer Services","HST"
"Consumer Non-Durables","HSY"
"Consumer Services","HT"
"Consumer Services","HTA"
,"HTD"
,"HTF"
,"HTGC"
,"HTGX"
"Finance","HTH"
,"HT-PC"
,"HT-PD"
,"HT-PE"
,"HTY"
"Consumer Services","HTZ"
"Capital Goods","HUBB"
"Technology","HUBS"
"Health Care","HUM"
"Basic Industries","HUN"
"Consumer Services","HVT"
,"HVT.A"
"Basic Industries","HXL"
"Capital Goods","HY"
,"HYB"
"Health Care","HYH"
,"HYI"
,"HYT"
"Capital Goods","HZN"
"Consumer Services","HZO"
"Consumer Services","I"
,"IAE"
"Basic Industries","IAG"
"Consumer Non-Durables","IBA"
"Technology","IBM"
"Finance","IBN"
"Basic Industries","IBP"
,"ICB"
"Energy","ICD"
"Finance","ICE"
"Basic Industries","ICL"
"Public Utilities","IDA"
,"IDE"
"Public Utilities","IDT"
"Capital Goods","IEX"
"Basic Industries","IFF"
,"IFN"
,"IGA"
,"IGD"
,"IGI"
,"IGR"
"Consumer Services","IGT"
"Finance","IHC"
,"IHD"
"Consumer Services","IHG"
,"IHIT"
,"IID"
,"IIF"
,"IIM"
"Finance","IIPR"
"Miscellaneous","IMAX"
,"INB"
,"INF"
"Technology","INFY"
"Finance","ING"
"Consumer Non-Durables","INGR"
"Consumer Services","INN"
,"INN-PB"
,"INN-PC"
,"INN-PD"
,"INSI"
"Technology","INST"
"Consumer Services","INSW"
"Energy","INT"
"Finance","INVH"
"Technology","INXN"
"Energy","IO"
"Basic Industries","IP"
"Technology","IPG"
"Technology","IPHI"
"Basic Industries","IPI"
,"IPL-PD"
,"IQI"
"Capital Goods","IR"
"Consumer Services","IRET"
,"IRET-PB"
,"IRL"
"Consumer Services","IRM"
,"IRR"
"Consumer Services","IRS"
,"ISD"
"Finance","ISF"
"Finance","ISG"
"Finance","ISP"
"Consumer Services","IT"
"Finance","ITCB"
"Finance","ITG"
"Miscellaneous","ITGR"
"Capital Goods","ITT"
"Finance","ITUB"
"Technology","ITW"
"Health Care","IVC"
,"IVH"
"Consumer Services","IVR"
,"IVR-PA"
,"IVR-PB"
"Finance","IVZ"
"Finance","IX"
"Energy","JAG"
"Consumer Services","JAX"
"Finance","JBK"
"Technology","JBL"
"Finance","JBN"
"Finance","JBR"
"Technology","JBT"
"Consumer Services","JCAP"
,"JCE"
"Consumer Services","JCI"
,"JCO"
"Consumer Services","JCP"
,"JDD"
"Public Utilities","JE"
"Basic Industries","JEC"
"Basic Industries","JELD"
,"JE-PA"
,"JEQ"
,"JFC"
,"JFR"
,"JGH"
,"JHA"
,"JHB"
,"JHD"
"Finance","JHG"
,"JHI"
,"JHS"
"Capital Goods","JHX"
,"JHY"
"Consumer Non-Durables","JILL"
"Technology","JKS"
"Finance","JLL"
,"JLS"
"Consumer Services","JMEI"
,"JMF"
,"JMLP"
,"JMM"
"Finance","JMP"
"Finance","JMPB"
"Finance","JMPC"
,"JMT"
"Health Care","JNJ"
"Technology","JNPR"
"Consumer Services","JOE"
,"JOF"
"Energy","JONE"
"Consumer Services","JP"
,"JPC"
,"JPI"
"Finance","JPM"
"Finance","JPM-PA"
,"JPM-PB"
,"JPM-PD"
,"JPM-PE"
,"JPM-PF"
,"JPM-PG"
"Finance","JPM-PH"
,"JPM.WS"
,"JPS"
,"JPT"
,"JQC"
,"JRI"
,"JRO"
,"JRS"
,"JSD"
,"JTA"
,"JTD"
,"JW.A"
,"JW.B"
"Consumer Services","JWN"
"Consumer Non-Durables","K"
"Technology","KAI"
"Consumer Durables","KAMN"
,"KAP"
"Consumer Durables","KAR"
"Consumer Non-Durables","KATE"
"Finance","KB"
"Capital Goods","KBH"
"Basic Industries","KBR"
"Finance","KCG"
"Health Care","KDMN"
,"KED"
,"KEF"
"Energy","KEG"
"Capital Goods","KEM"
"Consumer Services","KEN"
"Public Utilities","KEP"
"Consumer Services","KEX"
"Finance","KEY"
,"KEY-PI"
"Capital Goods","KEYS"
,"KF"
,"KFN-P"
"Finance","KFS"
"Technology","KFY"
"Basic Industries","KGC"
"Consumer Services","KIM"
,"KIM-PI"
,"KIM-PJ"
,"KIM-PK"
,"KIO"
"Finance","KKR"
,"KKR-PA"
,"KKR-PB"
"Consumer Durables","KMB"
,"KMF"
"Basic Industries","KMG"
"Public Utilities","KMI"
,"KMI-PA"
,"KMM"
"Finance","KMPA"
"Finance","KMPR"
"Capital Goods","KMT"
"Consumer Durables","KMX"
"Consumer Non-Durables","KN"
"Health Care","KND"
"Consumer Durables","KNL"
"Consumer Services","KNOP"
"Transportation","KNX"
"Consumer Non-Durables","KO"
"Miscellaneous","KODK"
,"KODK.WS"
,"KODK.WS.A"
"Consumer Non-Durables","KOF"
"Basic Industries","KOP"
"Consumer Non-Durables","KORS"
"Energy","KOS"
"Consumer Services","KR"
"Basic Industries","KRA"
"Consumer Services","KRC"
,"KRC-PH"
"Consumer Services","KREF"
"Consumer Services","KRG"
"Basic Industries","KRO"
"Energy","KRP"
"Basic Industries","KS"
,"KSM"
"Consumer Services","KSS"
,"KST"
"Transportation","KSU"
"Transportation","KSU-P"
"Public Utilities","KT"
,"KTF"
"Finance","KTH"
"Finance","KTN"
"Finance","KTP"
"Finance","KW"
"Finance","KWN"
"Basic Industries","KWR"
,"KYE"
,"KYN"
,"KYN-PF"
"Technology","KYO"
"Finance","L"
"Consumer Durables","LAD"
"Consumer Services","LADR"
"Finance","LAZ"
"Consumer Services","LB"
,"LBF"
"Miscellaneous","LC"
"Health Care","LCI"
,"LCII"
,"LCM"
,"LDF"
"Capital Goods","LDL"
"Technology","LDOS"
,"LDP"
"Capital Goods","LDR"
"Capital Goods","LEA"
"Consumer Services","LEE"
"Consumer Durables","LEG"
"Finance","LEJU"
"Basic Industries","LEN"
"Basic Industries","LEN.B"
,"LEO"
"Finance","LFC"
"Technology","LFGR"
,"LGF.A"
,"LGF.B"
,"LGI"
"Health Care","LH"
"Consumer Services","LHO"
,"LHO-PI"
,"LHO-PJ"
"Capital Goods","LII"
"Consumer Services","LITB"
"Miscellaneous","LKSD"
"Consumer Services","LL"
"Technology","LLL"
"Health Care","LLY"
"Finance","LM"
"Finance","LMHA"
"Finance","LMHB"
"Capital Goods","LMT"
"Technology","LN"
"Finance","LNC"
,"LNC.WS"
,"LND"
"Capital Goods","LNN"
"Public Utilities","LNT"
,"LOR"
"Consumer Services","LOW"
"Transportation","LPG"
"Energy","LPI"
"Capital Goods","LPL"
"Consumer Services","LPT"
"Basic Industries","LPX"
"Consumer Services","LQ"
"Consumer Services","LRN"
"Consumer Services","LSI"
"Consumer Services","LTC"
"Transportation","LTM"
"Consumer Services","LUB"
"Consumer Non-Durables","LUK"
"Transportation","LUV"
"Health Care","LUX"
"Public Utilities","LVLT"
"Consumer Services","LVS"
"Consumer Non-Durables","LW"
"Basic Industries","LXFR"
"Technology","LXFT"
"Consumer Services","LXP"
,"LXP-PC"
"Basic Industries","LXU"
"Basic Industries","LYB"
"Finance","LYG"
"Consumer Services","LYV"
"Consumer Durables","LZB"
"Consumer Services","M"
"Miscellaneous","MA"
"Consumer Services","MAA"
,"MAA-PI"
"Consumer Services","MAC"
,"MAIN"
"Technology","MAN"
"Consumer Services","MANU"
"Basic Industries","MAS"
"Consumer Services","MATX"
,"MAV"
"Finance","MBI"
"Technology","MBLY"
"Public Utilities","MBT"
"Finance","MC"
,"MCA"
,"MCC"
"Consumer Services","MCD"
,"MCI"
"Health Care","MCK"
,"MCN"
"Finance","MCO"
,"MCR"
"Technology","MCRN"
"Consumer Services","MCS"
,"MCV"
,"MCX"
"Finance","MCY"
"Health Care","MD"
"Capital Goods","MDC"
"Finance","MDLQ"
"Finance","MDLX"
"Finance","MDLY"
"Consumer Services","MDP"
"Capital Goods","MDR"
"Health Care","MDT"
"Basic Industries","MDU"
"Consumer Non-Durables","MED"
"Capital Goods","MEI"
,"MEN"
,"MER-PK"
,"MER-PP"
"Finance","MET"
,"MET-PA"
"Consumer Services","MFA"
,"MFA-PB"
"Finance","MFC"
"Finance","MFCB"
,"MFD"
"Finance","MFG"
,"MFL"
,"MFM"
"Consumer Services","MFO"
,"MFT"
,"MFV"
"Consumer Services","MG"
"Capital Goods","MGA"
,"MGF"
"Consumer Services","MGM"
"Consumer Services","MGP"
"Finance","MGR"
,"MGU"
,"MHD"
,"MHF"
,"MHI"
"Consumer Durables","MHK"
,"MHLA"
,"MHN"
,"MHNB.CL"
"Finance","MHNC"
"Capital Goods","MHO"
,"MHO-PA"
,"MH-PA"
,"MH-PC"
"Energy","MIC"
,"MIE"
,"MIN"
,"MITT"
,"MITT-PA"
,"MITT-PB"
"Technology","MIXT"
,"MIY"
"Consumer Non-Durables","MKC"
"Consumer Non-Durables","MKC.V"
"Finance","MKL"
"Capital Goods","MLI"
"Basic Industries","MLM"
"Finance","MLP"
"Capital Goods","MLR"
"Finance","MMC"
,"MMD"
"Finance","MMI"
"Health Care","MMM"
"Energy","MMP"
"Miscellaneous","MMS"
,"MMT"
,"MMU"
"Finance","MN"
,"MNE"
"Consumer Services","MNI"
"Health Care","MNK"
,"MNP"
"Consumer Services","MNR"
,"MNR-PC"
"Consumer Non-Durables","MO"
"Capital Goods","MOD"
"Technology","MODN"
,"MOG.A"
,"MOG.B"
"Health Care","MOH"
"Basic Industries","MON"
"Consumer Services","MORE"
"Basic Industries","MOS"
"Consumer Non-Durables","MOV"
,"MPA"
"Energy","MPC"
"Energy","MPLX"
"Energy","MPO"
,"MP-PD"
,"MPV"
"Consumer Services","MPW"
"Capital Goods","MPX"
,"MQT"
,"MQY"
"Capital Goods","MRC"
"Technology","MRIN"
"Health Care","MRK"
"Energy","MRO"
"Consumer Services","MRT"
"Finance","MS"
"Health Care","MSA"
"Basic Industries","MSB"
,"MSCA"
"Miscellaneous","MSCI"
,"MSD"
,"MSF"
"Consumer Services","MSG"
"Consumer Services","MSGN"
"Technology","MSI"
"Finance","MSL"
"Capital Goods","MSM"
,"MSP"
,"MS-PA"
,"MS-PE"
,"MS-PF"
,"MS-PG"
,"MS-PI"
,"MS-PK"
"Basic Industries","MT"
"Finance","MTB"
,"MTB-P"
,"MTB-PC"
,"MTB.WS"
"Capital Goods","MTD"
"Energy","MTDR"
"Finance","MTG"
"Capital Goods","MTH"
"Basic Industries","MTL"
,"MTL-P"
"Consumer Services","MTN"
"Capital Goods","MTOR"
"Energy","MTR"
"Capital Goods","MTRN"
,"MTT"
"Finance","MTU"
"Capital Goods","MTW"
"Basic Industries","MTX"
"Basic Industries","MTZ"
,"MUA"
,"MUC"
,"MUE"
,"MUH"
,"MUI"
,"MUJ"
"Technology","MULE"
"Energy","MUR"
,"MUS"
"Consumer Durables","MUSA"
"Basic Industries","MUX"
,"MVC"
,"MVCB"
"Energy","MVO"
,"MVT"
"Capital Goods","MWA"
"Technology","MX"
,"MXE"
,"MXF"
"Technology","MXL"
,"MYC"
"Consumer Services","MYCC"
,"MYD"
"Consumer Non-Durables","MYE"
,"MYF"
,"MYI"
,"MYJ"
,"MYN"
"Health Care","MYOV"
,"MZF"
,"NAC"
,"NAD"
"Energy","NADL"
,"NAN"
"Transportation","NAO"
,"NAP"
"Consumer Services","NAT"
"Capital Goods","NAV"
"Capital Goods","NAV-PD"
,"NAZ"
,"NBB"
,"NBD"
"Finance","NBHC"
"Energy","NBL"
"Energy","NBLX"
"Energy","NBR"
"Consumer Durables","NC"
,"NCA"
,"NCB"
"Consumer Services","NCI"
"Miscellaneous","NCR"
"Capital Goods","NCS"
,"NCV"
,"NCZ"
,"NDP"
"Energy","NDRO"
"Energy","NE"
,"NEA"
"Public Utilities","NEE"
,"NEE-PC"
,"NEE-PG"
,"NEE-PH"
,"NEE-PI"
,"NEE-PJ"
,"NEE-PK"
,"NEE-PQ"
,"NEE-PR"
"Technology","NEFF"
"Basic Industries","NEM"
"Public Utilities","NEP"
"Consumer Services","NETS"
"Basic Industries","NEU"
,"NEV"
"Consumer Services","NEWM"
"Technology","NEWR"
"Public Utilities","NFG"
"Finance","NFJ"
"Energy","NFX"
"Public Utilities","NGG"
"Energy","NGL"
,"NGLS-PA"
"Energy","NGS"
"Consumer Services","NGVC"
"Basic Industries","NGVT"
,"NHA"
,"NHF"
"Consumer Services","NHI"
"Public Utilities","NI"
,"NID"
,"NIE"
,"NIM"
,"NIQ"
"Public Utilities","NJR"
"Consumer Non-Durables","NKE"
,"NKG"
,"NKX"
"Basic Industries","NL"
"Consumer Non-Durables","NLS"
"Miscellaneous","NLSN"
"Consumer Services","NLY"
,"NLY-PA"
,"NLY-PC"
,"NLY-PD"
,"NLY-PE"
"Transportation","NM"
,"NMFC"
,"NMI"
"Public Utilities","NMK-PB"
"Public Utilities","NMK-PC"
"Transportation","NMM"
,"NM-PG"
,"NM-PH"
"Finance","NMR"
,"NMS"
,"NMT"
,"NMY"
,"NMZ"
"Transportation","NNA"
,"NNC"
"Finance","NNI"
"Consumer Services","NNN"
,"NNN-PE"
,"NNN-PF"
,"NNY"
"Energy","NOA"
"Finance","NOAH"
"Capital Goods","NOC"
"Technology","NOK"
,"NOM"
"Consumer Non-Durables","NOMD"
"Consumer Services","NORD"
"Energy","NOV"
"Technology","NOW"
"Basic Industries","NP"
"Capital Goods","NPK"
"Basic Industries","NPO"
"Technology","NPTN"
,"NPV"
"Technology","NQ"
,"NQP"
"Energy","NR"
"Consumer Services","NRE"
"Public Utilities","NRG"
,"NRK"
"Energy","NRP"
"Energy","NRT"
"Consumer Services","NRZ"
"Energy","NS"
"Consumer Services","NSA"
"Transportation","NSC"
"Energy","NSH"
,"NSL"
"Finance","NSM"
"Technology","NSP"
,"NS-PA"
,"NS-PB"
"Consumer Services","NSR"
"Energy","NSS"
"Finance","NTB"
,"NTC"
,"NTEST"
,"NTEST.A"
,"NTEST.B"
,"NTEST.C"
,"NTG"
"Public Utilities","NTL"
"Finance","NTP"
,"NTX"
"Consumer Durables","NTZ"
"Basic Industries","NUE"
,"NUM"
,"NUO"
"Health Care","NUS"
,"NUV"
,"NUW"
,"NVG"
"Transportation","NVGS"
"Health Care","NVO"
"Capital Goods","NVR"
"Health Care","NVRO"
"Health Care","NVS"
"Health Care","NVTA"
"Public Utilities","NWE"
"Capital Goods","NWHM"
"Consumer Non-Durables","NWL"
"Public Utilities","NWN"
"Finance","NW-PC"
"Consumer Services","NWY"
"Capital Goods","NX"
,"NXC"
,"NXJ"
,"NXN"
,"NXP"
,"NXQ"
,"NXR"
"Consumer Services","NXRT"
"Finance","NYCB"
,"NYCB-PA"
,"NYCB-PU"
"Public Utilities","NYLD"
,"NYLD.A"
"Consumer Services","NYRT"
"Consumer Services","NYT"
,"NYV"
,"NZF"
"Consumer Services","O"
"Capital Goods","OA"
"Finance","OAK"
"Consumer Services","OAKS"
,"OAKS-PA"
"Energy","OAS"
"Finance","OB"
"Capital Goods","OC"
"Basic Industries","OCIP"
"Finance","OCN"
"Consumer Durables","ODC"
"Basic Industries","OEC"
"Consumer Services","OFC"
,"OFC-PL.CL"
"Finance","OFG"
"Finance","OFG-PA"
,"OFG-PB"
,"OFG-PD"
"Public Utilities","OGE"
"Public Utilities","OGS"
"Consumer Services","OHI"
"Consumer Durables","OI"
,"OIA"
,"OIBR.C"
"Energy","OII"
"Energy","OIS"
"Public Utilities","OKE"
"Public Utilities","OKS"
"Basic Industries","OLN"
"Consumer Services","OLP"
"Finance","OMAA"
"Finance","OMAM"
"Technology","OMC"
"Consumer Non-Durables","OME"
"Finance","OMF"
"Health Care","OMI"
"Basic Industries","OMN"
"Finance","ONDK"
"Technology","OOMA"
,"OPP"
"Finance","OPY"
"Basic Industries","OR"
"Public Utilities","ORA"
"Public Utilities","ORAN"
"Consumer Services","ORC"
"Technology","ORCL"
"Finance","ORI"
"Basic Industries","ORN"
"Basic Industries","OSB"
"Transportation","OSG"
"Capital Goods","OSK"
"Consumer Services","OUT"
"Consumer Non-Durables","OXM"
"Energy","OXY"
"Finance","OZM"
"Consumer Services","P"
"Energy","PAA"
"Transportation","PAC"
"Energy","PACD"
"Consumer Durables","PAG"
"Energy","PAGP"
"Basic Industries","PAH"
,"PAI"
"Public Utilities","PAM"
"Technology","PANW"
"Miscellaneous","PAR"
"Miscellaneous","PAY"
"Technology","PAYC"
"Finance","PB"
"Energy","PBA"
,"PBB"
"Energy","PBF"
"Energy","PBFX"
"Health Care","PBH"
"Miscellaneous","PBI"
,"PBI-PB"
"Energy","PBR"
,"PBR.A"
"Energy","PBT"
,"PCF"
"Public Utilities","PCG"
,"PCI"
,"PCK"
,"PCM"
,"PCN"
,"PCQ"
,"PDI"
"Consumer Services","PDM"
"Energy","PDS"
,"PDT"
"Energy","PE"
"Consumer Services","PEB"
,"PEB-PC"
,"PEB-PD"
"Public Utilities","PEG"
"Consumer Services","PEI"
,"PEI-PA"
,"PEI-PB"
,"PEI-PC"
"Health Care","PEN"
,"PEO"
"Consumer Non-Durables","PEP"
"Energy","PER"
"Energy","PES"
"Consumer Non-Durables","PF"
,"PFD"
"Health Care","PFE"
"Finance","PFG"
"Consumer Non-Durables","PFGC"
"Finance","PFH"
"Finance","PFK"
,"PFL"
,"PFN"
,"PFO"
"Finance","PFS"
"Finance","PFSI"
"Basic Industries","PG"
"Basic Industries","PGEM"
"Energy","PGH"
,"PGP"
"Finance","PGR"
"Consumer Services","PGRE"
"Capital Goods","PGTI"
,"PGZ"
"Capital Goods","PH"
,"PHD"
"Energy","PHG"
"Finance","PHH"
"Public Utilities","PHI"
,"PHK"
"Capital Goods","PHM"
,"PHT"
"Energy","PHX"
"Capital Goods","PII"
,"PIM"
"Consumer Services","PIR"
"Finance","PIY"
"Finance","PJC"
"Finance","PJH"
"Finance","PJT"
"Consumer Services","PK"
"Energy","PKD"
"Technology","PKE"
"Consumer Durables","PKG"
"Capital Goods","PKI"
,"PKO"
"Basic Industries","PKX"
,"PKY"
"Consumer Services","PLD"
"Consumer Services","PLNT"
"Capital Goods","PLOW"
,"PL-PC"
,"PL-PE"
"Public Utilities","PLT"
"Consumer Non-Durables","PM"
"Health Care","PMC"
,"PMF"
,"PML"
,"PMM"
,"PMO"
"Consumer Services","PMT"
,"PMT-PA"
,"PMX"
"Finance","PN"
"Finance","PNC"
,"PNC-PP"
,"PNC-PQ"
,"PNC.WS"
,"PNF"
,"PNI"
"Public Utilities","PNM"
"Technology","PNR"
,"PNTA.CL"
"Public Utilities","PNW"
"Basic Industries","POL"
"Public Utilities","POR"
"Consumer Non-Durables","POST"
"Basic Industries","POT"
"Basic Industries","PPG"
"Public Utilities","PPL"
"Basic Industries","PPP"
,"PPR"
,"PPT"
"Public Utilities","PPX"
"Energy","PQ"
"Finance","PRA"
,"PRE-PF"
,"PRE-PG"
,"PRE-PH"
,"PRE-PI"
"Health Care","PRGO"
"Finance","PRH"
"Finance","PRI"
"Capital Goods","PRLB"
"Technology","PRO"
"Consumer Services","PRTY"
"Finance","PRU"
"Consumer Services","PSA"
,"PSA-PA"
"Consumer Services","PSA-PB"
"Consumer Services","PSA-PC"
"Consumer Services","PSA-PD"
"Consumer Services","PSA-PE"
"Consumer Services","PSA-PF"
"Consumer Services","PSA-PS"
"Consumer Services","PSA-PT"
"Consumer Services","PSA-PU"
"Consumer Services","PSA-PV"
,"PSA-PW"
,"PSA-PX"
,"PSA-PY"
,"PSA-PZ"
"Consumer Services","PSB"
,"PSB-PT"
,"PSB-PU"
,"PSB-PV"
,"PSB-PW"
,"PSF"
"Consumer Services","PSO"
"Technology","PSTG"
"Energy","PSX"
"Energy","PSXP"
"Health Care","PTHN"
"Energy","PTR"
,"PTY"
"Finance","PUK"
,"PUK-P"
,"PUK-PA"
"Energy","PUMP"
"Basic Industries","PVG"
"Consumer Non-Durables","PVH"
"Finance","PVTD"
"Energy","PWE"
"Capital Goods","PWR"
"Basic Industries","PX"
"Energy","PXD"
,"PYN"
"Finance","PYS"
"Finance","PYT"
,"PZC"
"Energy","PZE"
"Finance","PZN"
"Health Care","Q"
"Consumer Services","QCP"
"Energy","QEP"
"Health Care","QHC"
"Consumer Services","QSR"
"Technology","QTM"
"Consumer Services","QTS"
"Technology","QTWO"
"Miscellaneous","QUAD"
"Consumer Services","QUOT"
"Consumer Services","R"
,"RA"
"Capital Goods","RACE"
"Health Care","RAD"
"Consumer Non-Durables","RAI"
"Consumer Services","RAS"
,"RAS-PA"
,"RAS-PB"
,"RAS-PC"
"Technology","RATE"
"Miscellaneous","RBA"
"Consumer Durables","RBC"
"Finance","RBS"
"Finance","RBS-PF"
"Finance","RBS-PH"
,"RBS-PL"
,"RBS-PS"
"Consumer Services","RCI"
"Consumer Services","RCL"
,"RCS"
"Energy","RDC"
"Finance","RDN"
,"RDS.A"
,"RDS.B"
"Health Care","RDY"
"Finance","RE"
"Consumer Services","REG"
,"REG-PG"
"Consumer Services","RELX"
"Energy","REN"
"Technology","RENN"
"Consumer Services","RENX"
"Energy","RES"
"Finance","RESI"
"Consumer Non-Durables","REV"
"Capital Goods","REVG"
"Basic Industries","REX"
"Consumer Services","REXR"
,"REXR-PA"
"Finance","RF"
,"RFI"
"Basic Industries","RFP"
,"RF-PA"
,"RF-PB"
"Consumer Services","RFT"
"Consumer Services","RFTA"
"Finance","RGA"
"Consumer Services","RGC"
"Capital Goods","RGR"
"Consumer Services","RGS"
,"RGT"
"Consumer Services","RH"
"Technology","RHI"
"Consumer Services","RHP"
"Technology","RHT"
"Basic Industries","RIC"
"Energy","RICE"
"Energy","RIG"
"Basic Industries","RIO"
,"RIV"
"Finance","RJF"
"Consumer Non-Durables","RL"
"Finance","RLGY"
"Consumer Services","RLH"
"Finance","RLI"
"Consumer Services","RLJ"
"Finance","RM"
"Finance","RMAX"
"Health Care","RMD"
"Public Utilities","RMP"
,"RMT"
"Technology","RNG"
,"RNP"
"Finance","RNR"
,"RNR-PC"
,"RNR-PE"
"Basic Industries","ROG"
"Capital Goods","ROK"
"Finance","ROL"
"Capital Goods","ROP"
"Energy","ROYT"
"Consumer Services","RPAI"
,"RPAI-PA"
"Basic Industries","RPM"
"Consumer Services","RPT"
,"RPT-PD"
,"RQI"
"Energy","RRC"
"Miscellaneous","RRD"
"Transportation","RRTS"
"Basic Industries","RS"
"Public Utilities","RSG"
"Consumer Services","RSO"
,"RSO-PA"
,"RSO-PB"
,"RSO-PC"
"Energy","RSPP"
"Technology","RST"
"Consumer Services","RT"
"Capital Goods","RTEC"
"Capital Goods","RTN"
"Technology","RUBI"
,"RVT"
"Consumer Services","RWT"
"Technology","RXN"
,"RXN-PA"
"Finance","RY"
"Basic Industries","RYAM"
,"RYAM-PA"
"Basic Industries","RYI"
"Consumer Services","RYN"
,"RY-PS"
,"RY-PT"
"Finance","RZA"
"Finance","RZB"
"Public Utilities","S"
"Basic Industries","SA"
,"SAB"
"Consumer Durables","SAH"
"Technology","SAIC"
"Transportation","SALT"
"Consumer Non-Durables","SAM"
"Finance","SAN"
,"SAN-PA"
,"SAN-PB"
,"SAN-PC"
,"SAN-PI"
"Technology","SAP"
,"SAR"
"Transportation","SB"
"Transportation","SBBC"
"Basic Industries","SBGL"
"Consumer Services","SBH"
"Transportation","SBNA"
"Transportation","SBNB"
"Energy","SBOW"
,"SB-PB"
,"SB-PC"
,"SB-PD"
"Energy","SBR"
"Public Utilities","SBS"
"Finance","SC"
"Basic Industries","SCCO"
,"SCD"
,"SCE-PF"
,"SCE-PG"
,"SCE-PH"
,"SCE-PJ"
,"SCE-PK"
"Public Utilities","SCG"
"Finance","SCHW"
,"SCHW-PB"
,"SCHW-PC"
,"SCHW-PD"
"Consumer Services","SCI"
"Basic Industries","SCL"
,"SCM"
,"SCQ"
"Consumer Durables","SCS"
"Capital Goods","SCX"
"Energy","SD"
"Energy","SDLP"
"Energy","SDR"
"Energy","SDRL"
"Energy","SDT"
"Consumer Services","SEAS"
"Basic Industries","SEE"
"Health Care","SEM"
"Energy","SEMG"
"Public Utilities","SEP"
"Consumer Services","SERV"
"Finance","SF"
"Finance","SFE"
"Transportation","SFL"
"Finance","SF-PA"
"Consumer Services","SFR"
"Consumer Services","SFS"
"Technology","SFUN"
,"SGF"
"Consumer Services","SGU"
"Energy","SGY"
"Finance","SGZA"
"Consumer Services","SHAK"
"Finance","SHG"
"Basic Industries","SHI"
"Energy","SHLX"
"Consumer Services","SHO"
"Technology","SHOP"
,"SHO-PE"
,"SHO-PF"
"Consumer Services","SHW"
"Capital Goods","SID"
"Consumer Services","SIG"
"Consumer Non-Durables","SITE"
"Consumer Services","SIX"
"Public Utilities","SJI"
"Consumer Non-Durables","SJM"
"Consumer Services","SJR"
"Energy","SJT"
"Public Utilities","SJW"
"Public Utilities","SKM"
"Consumer Services","SKT"
"Consumer Non-Durables","SKX"
"Energy","SLB"
"Basic Industries","SLCA"
"Consumer Services","SLD"
"Finance","SLF"
"Consumer Services","SLG"
,"SLG-PI"
,"SLRA"
"Transportation","SLTB"
"Energy","SM"
"Finance","SMFG"
"Basic Industries","SMG"
"Transportation","SMHI"
"Technology","SMI"
"Public Utilities","SMLP"
,"SMM"
"Capital Goods","SMP"
"Energy","SN"
"Capital Goods","SNA"
"Technology","SNAP"
"Transportation","SNDR"
"Consumer Non-Durables","SNE"
"Health Care","SNN"
"Consumer Services","SNOW"
"Energy","SNP"
"Consumer Services","SNR"
"Finance","SNV"
,"SNV-PC"
"Technology","SNX"
"Health Care","SNY"
"Public Utilities","SO"
"Energy","SOI"
"Public Utilities","SOJA"
"Public Utilities","SOJB"
"Technology","SOL"
"Consumer Durables","SON"
,"SOR"
,"SOV-PC"
"Technology","SPA"
"Miscellaneous","SPB"
,"SPE"
,"SPE-PB"
"Consumer Services","SPG"
"Finance","SPGI"
,"SPG-PJ"
"Consumer Services","SPH"
"Capital Goods","SPLP"
,"SPLP-PA"
"Energy","SPN"
"Capital Goods","SPR"
"Technology","SPXC"
,"SPXX"
"Technology","SQ"
"Basic Industries","SQM"
"Technology","SQNS"
"Public Utilities","SR"
"Consumer Services","SRC"
"Public Utilities","SRE"
,"SRF"
"Finance","SRG"
"Capital Goods","SRI"
"Energy","SRLP"
"Technology","SRT"
,"SRV"
"Capital Goods","SSD"
"Consumer Services","SSI"
"Energy","SSL"
"Technology","SSNI"
"Consumer Services","SSP"
"Technology","SSTK"
"Transportation","SSW"
"Transportation","SSWN"
,"SSW-PD"
,"SSW-PE"
,"SSW-PG"
,"SSW-PH"
"Capital Goods","ST"
"Consumer Services","STAG"
,"STAG-PB"
,"STAG-PC"
"Consumer Services","STAR"
,"STAR-PD"
,"STAR-PE"
,"STAR-PF"
,"STAR-PG"
,"STAR-PI"
"Consumer Services","STAY"
"Finance","STC"
"Health Care","STE"
"Finance","STI"
,"STI-PA"
,"STI-PE"
,"STI.WS.A"
,"STI.WS.B"
,"STK"
"Finance","STL"
"Technology","STM"
"Consumer Services","STN"
"Transportation","STNG"
"Energy","STO"
"Consumer Services","STON"
"Consumer Services","STOR"
"Finance","STT"
,"STT-PC"
,"STT-PD"
,"STT-PE"
,"STT-PG"
"Consumer Services","STWD"
"Consumer Non-Durables","STZ"
,"STZ.B"
"Energy","SU"
"Consumer Services","SUI"
,"SUI-PA"
"Basic Industries","SUM"
"Energy","SUN"
"Capital Goods","SUP"
"Finance","SUPV"
"Consumer Non-Durables","SVU"
"Transportation","SWFT"
"Capital Goods","SWJ"
"Capital Goods","SWK"
"Basic Industries","SWM"
"Energy","SWN"
"Energy","SWNC"
"Capital Goods","SWP"
"Public Utilities","SWX"
,"SWZ"
"Basic Industries","SXC"
"Basic Industries","SXCP"
"Public Utilities","SXE"
"Technology","SXI"
"Basic Industries","SXT"
"Finance","SYF"
"Health Care","SYK"
"Basic Industries","SYT"
"Consumer Services","SYX"
"Consumer Non-Durables","SYY"
,"SZC"
"Public Utilities","T"
"Public Utilities","TAC"
"Basic Industries","TAHO"
"Consumer Services","TAL"
"Consumer Non-Durables","TAP"
,"TAP.A"
"Health Care","TARO"
"Technology","TBI"
,"TCAP"
,"TCCA"
,"TCCB"
"Finance","TCF"
,"TCF-PB"
,"TCF-PC"
,"TCF.WS"
"Consumer Services","TCI"
"Consumer Services","TCO"
,"TCO-PJ"
,"TCO-PK"
"Public Utilities","TCP"
,"TCRX"
,"TCRZ"
"Consumer Services","TCS"
"Finance","TD"
"Public Utilities","TDA"
"Technology","TDC"
"Public Utilities","TDE"
,"TDF"
"Capital Goods","TDG"
"Public Utilities","TDI"
"Public Utilities","TDJ"
"Health Care","TDOC"
"Public Utilities","TDS"
"Consumer Services","TDW"
"Capital Goods","TDY"
"Basic Industries","TECK"
"Public Utilities","TEF"
"Public Utilities","TEGP"
,"TEI"
"Consumer Non-Durables","TEL"
"Capital Goods","TEN"
"Public Utilities","TEO"
"Public Utilities","TEP"
"Capital Goods","TER"
"Health Care","TEVA"
"Capital Goods","TEX"
"Health Care","TFX"
"Capital Goods","TG"
"Technology","TGH"
"Capital Goods","TGI"
"Consumer Services","TGNA"
"Consumer Services","TGP"
,"TGP-PA"
"Public Utilities","TGS"
"Consumer Services","TGT"
"Health Care","THC"
"Finance","THG"
"Finance","THGA"
"Consumer Non-Durables","THO"
,"THQ"
"Energy","THR"
"Consumer Non-Durables","THS"
,"THW"
"Consumer Services","TI"
,"TI.A"
"Consumer Services","TIER"
"Consumer Services","TIF"
"Consumer Services","TIME"
"Consumer Services","TISI"
"Consumer Services","TJX"
"Transportation","TK"
"Public Utilities","TKC"
,"TKF"
"Capital Goods","TKR"
,"TLI"
"Public Utilities","TLK"
"Energy","TLLP"
"Energy","TLP"
"Consumer Services","TLRD"
"Consumer Services","TLYS"
"Capital Goods","TM"
"Capital Goods","TMHC"
"Finance","TMK"
,"TMK-PB"
,"TMK-PC"
"Capital Goods","TMO"
"Basic Industries","TMST"
"Technology","TNC"
"Miscellaneous","TNET"
"Basic Industries","TNH"
"Consumer Services","TNK"
"Transportation","TNP"
,"TNP-PB"
,"TNP-PC"
,"TNP-PD"
,"TNP-PE"
"Capital Goods","TOL"
"Consumer Services","TOO"
,"TOO-PA"
,"TOO-PB"
"Energy","TOT"
"Capital Goods","TOWR"
"Consumer Non-Durables","TPB"
"Basic Industries","TPC"
,"TPGE.U"
"Capital Goods","TPH"
"Energy","TPL"
"Finance","TPRE"
,"TPVG"
,"TPVZ"
"Consumer Durables","TPX"
,"TPZ"
"Consumer Non-Durables","TR"
"Finance","TRC"
"Consumer Services","TRCO"
"Energy","TREC"
"Basic Industries","TREX"
"Public Utilities","TRGP"
"Consumer Services","TRI"
"Consumer Services","TRK"
"Technology","TRMR"
"Capital Goods","TRN"
"Finance","TRNO"
,"TRNO-PA.CL"
"Basic Industries","TROX"
"Public Utilities","TRP"
"Basic Industries","TRQ"
"Consumer Services","TRR"
"Technology","TRTN"
"Finance","TRU"
"Finance","TRV"
"Basic Industries","TS"
"Basic Industries","TSE"
,"TSI"
,"TSLF"
,"TSLX"
"Technology","TSM"
"Consumer Non-Durables","TSN"
"Consumer Non-Durables","TSNU"
"Energy","TSO"
"Consumer Services","TSQ"
"Miscellaneous","TSS"
"Public Utilities","TSU"
"Capital Goods","TTC"
,"TTF"
"Energy","TTI"
"Capital Goods","TTM"
,"TTP"
"Public Utilities","TU"
"Consumer Non-Durables","TUP"
"Consumer Services","TV"
"Public Utilities","TVC"
"Public Utilities","TVE"
"Consumer Services","TVPT"
"Basic Industries","TWI"
"Technology","TWLO"
,"TWN"
"Consumer Services","TWO"
,"TWO-PA"
"Technology","TWTR"
"Consumer Services","TWX"
"Basic Industries","TX"
"Capital Goods","TXT"
,"TY"
,"TYG"
"Technology","TYL"
,"TY-P"
"Consumer Non-Durables","UA"
"Consumer Non-Durables","UAA"
"Transportation","UAL"
"Basic Industries","UAN"
"Consumer Services","UBA"
"Consumer Services","UBP"
,"UBP-PF"
,"UBP-PG"
"Finance","UBS"
"Capital Goods","UCP"
"Consumer Services","UDR"
"Finance","UE"
"Consumer Non-Durables","UFI"
"Basic Industries","UFS"
"Public Utilities","UGI"
"Public Utilities","UGP"
"Health Care","UHS"
"Consumer Services","UHT"
"Technology","UIS"
"Basic Industries","UL"
"Technology","UMC"
"Consumer Services","UMH"
,"UMH-PA"
,"UMH-PB"
"Basic Industries","UN"
"Consumer Services","UNF"
"Health Care","UNH"
"Finance","UNM"
"Transportation","UNP"
"Energy","UNT"
"Consumer Durables","UNVR"
"Transportation","UPS"
"Technology","URI"
,"USA"
"Public Utilities","USAC"
"Finance","USB"
"Finance","USB-PA"
,"USB-PH"
,"USB-PM"
,"USB-PO"
"Transportation","USDP"
"Consumer Non-Durables","USFD"
"Capital Goods","USG"
"Public Utilities","USM"
"Consumer Durables","USNA"
"Health Care","USPH"
,"UTF"
"Consumer Services","UTI"
"Public Utilities","UTL"
"Capital Goods","UTX"
"Finance","UVE"
"Consumer Services","UVV"
"Public Utilities","UZA"
"Public Utilities","UZB"
"Public Utilities","UZC"
"Miscellaneous","V"
"Finance","VAC"
"Basic Industries","VALE"
,"VALE.P"
"Health Care","VAR"
,"VBF"
"Capital Goods","VC"
"Consumer Non-Durables","VCO"
"Consumer Durables","VCRA"
,"VCV"
"Consumer Services","VEC"
"Capital Goods","VEDL"
"Technology","VEEV"
"Consumer Services","VER"
,"VER-PF"
"Energy","VET"
"Consumer Non-Durables","VFC"
"Public Utilities","VG"
,"VGI"
,"VGM"
"Consumer Non-Durables","VGR"
"Basic Industries","VHI"
"Consumer Services","VIPS"
"Public Utilities","VIV"
"Capital Goods","VJET"
,"VKQ"
"Energy","VLO"
"Energy","VLP"
"Transportation","VLRS"
,"VLT"
"Finance","VLY"
"Finance","VLY-PA"
,"VLY.WS"
"Basic Industries","VMC"
"Capital Goods","VMI"
,"VMO"
"Technology","VMW"
"Consumer Services","VNCE"
"Consumer Services","VNO"
,"VNO-PG"
,"VNO-PI"
,"VNO-PK"
,"VNO-PL"
"Miscellaneous","VNTV"
"Energy","VOC"
"Finance","VOYA"
"Capital Goods","VPG"
,"VPV"
"Finance","VR"
,"VR-PA"
"Basic Industries","VRS"
"Consumer Services","VRTV"
"Health Care","VRX"
"Capital Goods","VSH"
"Consumer Non-Durables","VSI"
"Capital Goods","VSLR"
"Basic Industries","VSM"
"Public Utilities","VST"
"Capital Goods","VSTO"
,"VTA"
,"VTN"
"Consumer Services","VTR"
"Consumer Services","VTRB"
"Energy","VTTI"
"Public Utilities","VVC"
"Miscellaneous","VVI"
,"VVR"
"Basic Industries","VVV"
"Public Utilities","VZ"
"Public Utilities","VZA"
"Consumer Services","W"
"Public Utilities","WAAS"
"Capital Goods","WAB"
"Finance","WAC"
"Miscellaneous","WAGE"
"Capital Goods","WAIR"
"Finance","WAL"
"Finance","WALA"
"Capital Goods","WAT"
"Consumer Services","WBAI"
"Capital Goods","WBC"
"Finance","WBK"
"Finance","WBS"
,"WBS-PE"
"Technology","WBT"
"Consumer Non-Durables","WCC"
"Health Care","WCG"
"Public Utilities","WCN"
"Finance","WD"
"Technology","WDAY"
"Finance","WDR"
,"WEA"
"Public Utilities","WEC"
"Public Utilities","WES"
"Miscellaneous","WEX"
"Finance","WF"
"Finance","WFC"
,"WFC-PJ"
,"WFC-PL"
,"WFC-PN"
,"WFC-PO"
,"WFC-PP"
,"WFC-PQ"
,"WFC-PR"
,"WFC-PT"
,"WFC-PV"
,"WFC-PW"
,"WFC-PX"
,"WFC-PY"
,"WFC.WS"
,"WFE-PA"
"Energy","WFT"
"Energy","WG"
"Public Utilities","WGL"
"Consumer Non-Durables","WGO"
"Public Utilities","WGP"
"Finance","WHG"
"Consumer Durables","WHR"
,"WIA"
"Technology","WIT"
,"WIW"
"Technology","WK"
"Capital Goods","WLH"
"Basic Industries","WLK"
"Basic Industries","WLKP"
"Energy","WLL"
"Public Utilities","WM"
"Public Utilities","WMB"
"Consumer Services","WMC"
"Consumer Services","WMK"
"Energy","WMLP"
"Capital Goods","WMS"
"Consumer Services","WMT"
"Capital Goods","WNC"
"Energy","WNRL"
"Miscellaneous","WNS"
"Capital Goods","WOR"
"Consumer Services","WOW"
"Consumer Services","WPC"
"Consumer Services","WPG"
,"WPG-PH"
,"WPG-PI"
"Basic Industries","WPM"
"Energy","WPT"
"Energy","WPX"
"Energy","WPXP"
"Public Utilities","WPZ"
"Public Utilities","WR"
"Finance","WRB"
,"WRB-PB"
,"WRB-PC"
,"WRB-PD"
"Energy","WRD"
,"WRE"
"Consumer Services","WRI"
"Consumer Durables","WRK"
"Consumer Services","WSM"
"Consumer Durables","WSO"
,"WSO.B"
"Consumer Services","WSR"
"Basic Industries","WST"
"Energy","WTI"
"Finance","WTM"
"Public Utilities","WTR"
"Capital Goods","WTS"
"Energy","WTTR"
"Consumer Services","WTW"
"Miscellaneous","WU"
"Technology","WUBA"
"Consumer Services","WWE"
"Consumer Non-Durables","WWW"
"Consumer Services","WY"
"Consumer Services","WYN"
"Basic Industries","X"
"Energy","XCO"
"Energy","XEC"
"Public Utilities","XEL"
"Consumer Services","XHR"
"Basic Industries","XIN"
"Finance","XKE"
"Finance","XL"
"Consumer Non-Durables","XNY"
"Energy","XOM"
"Health Care","XON"
"Consumer Services","XOXO"
"Consumer Services","XPO"
"Finance","XRF"
"Basic Industries","XRM"
"Miscellaneous","XRX"
"Technology","XTLY"
"Capital Goods","XYL"
"Finance","Y"
"Consumer Services","YELP"
"Technology","YEXT"
"Technology","YGE"
"Energy","YPF"
"Finance","YRD"
"Consumer Services","YUM"
"Consumer Services","YUMC"
"Technology","YUME"
"Public Utilities","ZAYO"
"Health Care","ZBH"
"Finance","ZBK"
,"ZB-PA"
,"ZB-PG"
,"ZB-PH"
"Technology","ZEN"
,"ZF"
"Transportation","ZNH"
"Consumer Services","ZOES"
"Technology","ZPIN"
"Transportation","ZTO"
,"ZTR"
"Health Care","ZTS"
"Capital Goods","ZX"
"Health Care","ZYME"
